{"version": "1", "message": "ERROR: Hidden Testcases server unreachable.", "problem_id": "ads2_m12_a1_1", "user_id": "Arepallyrakesh", "score": {"sample": {"0": {"execution_time": 0.2752087116241455, "passed": true}, "1": {"execution_time": 0.2380669116973877, "passed": true}, "2": {"execution_time": 0.1741502285003662, "passed": false}, "3": {"execution_time": 0.17722702026367188, "passed": false}, "4": {"execution_time": 0.17504572868347168, "passed": false}, "5": {"execution_time": 0.1751554012298584, "passed": false}}}, "check_style_score": "0/1"}